,sofifa_id,player_url,short_name,long_name,age,dob,height_cm,weight_kg,nationality,club,overall,potential,value_eur,wage_eur,player_positions,preferred_foot,international_reputation,weak_foot,skill_moves,work_rate,body_type,real_face,release_clause_eur,player_tags,team_position,team_jersey_number,loaned_from,joined,contract_valid_until,nation_position,nation_jersey_number,pace,shooting,passing,dribbling,defending,physic,gk_diving,gk_handling,gk_kicking,gk_reflexes,gk_speed,gk_positioning,player_traits,attacking_crossing,attacking_finishing,attacking_heading_accuracy,attacking_short_passing,attacking_volleys,skill_dribbling,skill_curve,skill_fk_accuracy,skill_long_passing,skill_ball_control,movement_acceleration,movement_sprint_speed,movement_agility,movement_reactions,movement_balance,power_shot_power,power_jumping,power_stamina,power_strength,power_long_shots,mentality_aggression,mentality_interceptions,mentality_positioning,mentality_vision,mentality_penalties,mentality_composure,defending_marking,defending_standing_tackle,defending_sliding_tackle,goalkeeping_diving,goalkeeping_handling,goalkeeping_kicking,goalkeeping_positioning,goalkeeping_reflexes,ls,st,rs,lw,lf,cf,rf,rw,lam,cam,ram,lm,lcm,cm,rcm,rm,lwb,ldm,cdm,rdm,rwb,lb,lcb,cb,rcb,rb
10543,252589,https://sofifa.com/player/252589/nicola-pavan/20/159586,N. Pavan,Nicola Pavan,26,1993-06-15,184,78,Italy,Cittadella,65,68,600000,1000,"CDM, CM",Right,1,3,2,Medium/Medium,Normal,No,975000.0,,SUB,88.0,,2019-08-06,2022.0,,,68.0,54.0,63.0,64.0,63.0,66.0,,,,,,,,59,46,67,68,47,63,60,56,67,67,69,68,60,64,61,68,67,65,67,60,63,60,46,58,55,63,61,65,64,8,14,9,7,6,59+2,59+2,59+2,60+2,60+2,60+2,60+2,60+2,61+2,61+2,61+2,62+2,62+2,62+2,62+2,62+2,63+2,64+2,64+2,64+2,63+2,64+2,64+2,64+2,64+2,64+2
1419,232883,https://sofifa.com/player/232883/gaku-shibasaki/20/159586,G. Shibasaki,柴崎 岳,27,1992-05-28,175,62,Japan,Deportivo de La Coruña,76,77,9000000,10000,"CAM, ST, CDM",Right,1,3,4,Medium/Medium,Lean,No,15100000.0,,LDM,22.0,,2019-07-14,2023.0,,,68.0,68.0,75.0,76.0,68.0,64.0,,,,,,,Selfish,68,70,56,79,61,75,59,67,78,76,69,68,76,78,76,64,67,73,58,68,65,74,69,78,71,75,61,73,72,10,13,13,9,6,68+2,68+2,68+2,73+2,72+2,72+2,72+2,73+2,74+2,74+2,74+2,73+2,75+2,75+2,75+2,73+2,72+2,73+2,73+2,73+2,72+2,71+2,67+2,67+2,67+2,71+2
1017,223197,https://sofifa.com/player/223197/enes-unal/20/159586,E. Ünal,Enes Ünal,22,1997-05-10,185,75,Turkey,Real Valladolid CF,77,84,12500000,20000,ST,Right,1,3,3,High/Medium,Normal,Yes,,,SUB,9.0,Villarreal CF,,2020.0,,,72.0,77.0,64.0,76.0,36.0,78.0,,,,,,,,56,76,73,74,74,77,68,63,47,75,72,72,74,73,74,85,82,71,84,72,70,29,74,65,80,68,34,33,24,8,14,8,13,13,75+2,75+2,75+2,72+2,74+2,74+2,74+2,72+2,72+2,72+2,72+2,70+2,65+2,65+2,65+2,70+2,54+2,53+2,53+2,53+2,54+2,51+2,51+2,51+2,51+2,51+2
1491,182879,https://sofifa.com/player/182879/balazs-dzsudzsak/20/159586,B. Dzsudzsák,Balázs Dzsudzsák,32,1986-12-23,179,72,Hungary,Hungary,76,76,0,0,"LM, RM",Left,3,4,4,Medium/Medium,Normal,No,,,,,,,,RM,7.0,75.0,77.0,78.0,76.0,32.0,62.0,,,,,,,"Leadership, Argues with Officials, Crowd Favourite",83,72,42,73,73,76,83,84,72,74,76,74,84,73,73,83,62,71,61,81,53,35,71,83,85,77,42,21,20,10,7,14,7,10,70+3,70+3,70+3,75+3,74+3,74+3,74+3,75+3,75+3,75+3,75+3,75+3,70+3,70+3,70+3,75+3,57+3,54+3,54+3,54+3,57+3,52+3,43+3,43+3,43+3,52+3
18225,225510,https://sofifa.com/player/225510/devlin-mackay/20/159586,D. Mackay,Devlin Mackay,22,1997-01-23,191,81,Scotland,Kilmarnock,49,56,30000,1000,GK,Right,1,2,1,Medium/Medium,Normal,No,59000.0,,SUB,13.0,,2013-07-01,2024.0,,,,,,,,,48.0,50.0,47.0,48.0,41.0,48.0,,14,20,20,28,18,13,20,22,22,23,42,41,37,45,52,35,48,33,50,20,18,23,14,19,24,30,12,18,18,48,50,47,48,48,,,,,,,,,,,,,,,,,,,,,,,,,,
15147,251175,https://sofifa.com/player/251175/goodness-ajayi/20/159586,G. Ajayi,Goodness Ajayi,24,1994-10-06,176,70,Nigeria,Astra Giurgiu,60,65,280000,2000,LM,Right,1,3,3,Medium/Medium,Normal,No,399000.0,,RES,17.0,,2019-07-01,2023.0,,,75.0,54.0,56.0,58.0,27.0,48.0,,,,,,,,58,59,46,59,40,55,51,41,54,56,71,78,77,47,74,62,55,70,44,37,30,22,60,56,44,52,21,31,21,10,12,10,13,7,56+2,56+2,56+2,58+2,57+2,57+2,57+2,58+2,57+2,57+2,57+2,59+2,52+2,52+2,52+2,59+2,46+2,41+2,41+2,41+2,46+2,44+2,35+2,35+2,35+2,44+2
16188,242913,https://sofifa.com/player/242913/hao-luo/20/159586,Luo Hao,罗皓,24,1995-01-17,186,79,China PR,Chongqing Dangdai Lifan FC SWM Team,58,66,170000,1000,"CB, CM",Right,1,2,2,Medium/Medium,Normal,No,298000.0,,CM,4.0,,2018-01-02,2022.0,,,53.0,32.0,44.0,42.0,58.0,61.0,,,,,,,,40,25,52,50,36,40,31,30,45,42,54,53,45,50,54,43,71,55,64,30,59,52,42,43,40,45,68,55,55,14,11,14,5,13,42+2,42+2,42+2,42+2,42+2,42+2,42+2,42+2,42+2,42+2,42+2,44+2,45+2,45+2,45+2,44+2,51+2,52+2,52+2,52+2,51+2,52+2,56+2,56+2,56+2,52+2
2825,229739,https://sofifa.com/player/229739/jacek-goralski/20/159586,J. Góralski,Jacek Góralski,26,1992-09-21,172,66,Poland,Poland,73,77,0,0,CDM,Right,1,2,2,Medium/High,Normal,No,,,,,,,,SUB,6.0,72.0,46.0,63.0,67.0,69.0,79.0,,,,,,,Injury Prone,51,42,55,70,47,61,46,46,71,68,70,73,84,64,81,50,62,86,73,46,90,77,62,65,43,75,66,70,71,11,14,7,10,5,58+2,58+2,58+2,61+2,61+2,61+2,61+2,61+2,64+2,64+2,64+2,64+2,67+2,67+2,67+2,64+2,69+2,72+2,72+2,72+2,69+2,69+2,70+2,70+2,70+2,69+2
367,208093,https://sofifa.com/player/208093/gerard-moreno-balaguero/20/159586,Gerard Moreno,Gerard Moreno Balagueró,27,1992-04-07,180,77,Spain,Villarreal CF,81,82,21000000,45000,"ST, CF",Left,1,4,3,High/Medium,Normal,Yes,45700000.0,,ST,7.0,,2018-07-02,2023.0,,,76.0,79.0,66.0,78.0,45.0,69.0,,,,,,,"Beat Offside Trap, Speed Dribbler (CPU AI Only)",61,80,80,75,81,79,70,56,56,80,75,77,72,78,67,80,75,73,72,78,55,40,80,62,75,72,43,41,41,15,12,7,12,10,78+2,78+2,78+2,75+2,77+2,77+2,77+2,75+2,74+2,74+2,74+2,73+2,69+2,69+2,69+2,73+2,61+2,58+2,58+2,58+2,61+2,59+2,55+2,55+2,55+2,59+2
9447,209162,https://sofifa.com/player/209162/jose-erik-correa/20/159586,J. Correa,José Érik Correa Villero,26,1992-07-20,185,80,Colombia,Alianza Petrolera,66,67,775000,1000,ST,Left,1,3,3,Medium/Medium,Stocky,No,1100000.0,,ST,9.0,,2019-01-18,2023.0,,,70.0,62.0,43.0,62.0,32.0,78.0,,,,,,,,27,63,66,53,63,62,54,50,40,65,75,66,56,60,51,68,91,57,88,52,76,21,62,37,68,65,41,22,20,13,15,15,13,13,64+2,64+2,64+2,57+2,60+2,60+2,60+2,57+2,56+2,56+2,56+2,55+2,49+2,49+2,49+2,55+2,43+2,44+2,44+2,44+2,43+2,42+2,47+2,47+2,47+2,42+2
17508,240313,https://sofifa.com/player/240313/ahkeem-rose/20/159586,A. Rose,Ahkeem Rose,20,1998-11-27,175,68,Jamaica,Grimsby Town,54,65,120000,1000,"ST, RW",Left,1,2,2,Medium/Medium,Lean,No,234000.0,,SUB,14.0,,2017-01-01,2020.0,,,87.0,52.0,38.0,51.0,33.0,46.0,,,,,,,,32,57,48,45,41,50,43,26,32,46,88,87,63,48,79,47,54,49,49,48,34,20,51,40,57,50,40,31,30,5,6,13,12,12,53+2,53+2,53+2,52+2,52+2,52+2,52+2,52+2,49+2,49+2,49+2,50+2,42+2,42+2,42+2,50+2,42+2,37+2,37+2,37+2,42+2,42+2,38+2,38+2,38+2,42+2
9676,198250,https://sofifa.com/player/198250/zsolt-korcsmar/20/159586,Z. Korcsmár,Zsolt Korcsmár,30,1989-01-09,188,82,Hungary,FC Midtjylland,66,66,525000,6000,CB,Right,1,3,2,Medium/High,Normal,No,683000.0,,RES,4.0,,2017-07-01,2020.0,,,61.0,38.0,55.0,47.0,63.0,72.0,,,,,,,Injury Prone,56,28,66,63,30,39,33,40,58,57,57,64,52,59,54,68,81,71,72,32,73,62,48,45,27,61,62,64,63,6,11,9,10,9,51+2,51+2,51+2,49+2,49+2,49+2,49+2,49+2,50+2,50+2,50+2,52+2,54+2,54+2,54+2,52+2,60+2,62+2,62+2,62+2,60+2,62+2,64+2,64+2,64+2,62+2
486,227290,https://sofifa.com/player/227290/marko-dmitrovic/20/159586,M. Dmitrović,Marko Dmitrović,27,1992-01-24,194,94,Serbia,SD Eibar,80,81,12000000,22000,GK,Left,1,2,1,Medium/Medium,Normal,Yes,26100000.0,,GK,1.0,,2017-07-01,2021.0,,,,,,,,,76.0,79.0,78.0,81.0,37.0,81.0,Flair,30,20,20,40,20,8,20,9,40,9,39,35,32,73,37,59,50,45,79,17,20,17,9,45,9,59,19,22,20,76,79,78,81,81,,,,,,,,,,,,,,,,,,,,,,,,,,
3539,213092,https://sofifa.com/player/213092/samuel-piette/20/159586,S. Piette,Samuel Piette,24,1994-11-12,171,79,Canada,Montreal Impact,72,75,3600000,5000,CDM,Right,1,2,2,Low/High,Stocky,Yes,5600000.0,,CDM,6.0,,2017-08-04,2019.0,RDM,6.0,63.0,44.0,60.0,64.0,69.0,80.0,,,,,,,"Diver, Avoids Using Weaker Foot, Giant Throw-in",44,34,60,70,32,59,58,39,66,66,62,63,66,70,86,65,74,92,73,46,82,71,39,58,49,68,71,71,59,15,10,10,7,9,54+2,54+2,54+2,56+2,56+2,56+2,56+2,56+2,58+2,58+2,58+2,59+2,64+2,64+2,64+2,59+2,66+2,70+2,70+2,70+2,66+2,66+2,69+2,69+2,69+2,66+2
9994,236678,https://sofifa.com/player/236678/simone-lo-faso/20/159586,S. Lo Faso,Simone Lo Faso,21,1998-02-18,179,72,Italy,Lecce,65,77,975000,4000,"CF, CAM, LW",Right,1,5,3,High/Medium,Lean,No,2000000.0,,SUB,32.0,,2019-07-25,2023.0,,,79.0,62.0,61.0,66.0,26.0,51.0,,,,,,,"Selfish, Crowd Favourite",59,61,58,60,63,65,69,65,56,67,79,79,70,63,63,65,59,42,57,62,45,23,61,67,65,60,26,22,14,10,13,9,13,13,63+2,63+2,63+2,65+2,65+2,65+2,65+2,65+2,64+2,64+2,64+2,63+2,57+2,57+2,57+2,63+2,46+2,43+2,43+2,43+2,46+2,43+2,38+2,38+2,38+2,43+2
5642,236172,https://sofifa.com/player/236172/nilson-leoncio-padilho-borges/20/159586,Nilson Padilho,Nilson Leôncio Padilho Borges,31,1988-02-29,184,81,Brazil,Chapecoense,70,70,1600000,10000,CAM,Left,1,3,3,Medium/Low,Normal,No,3000000.0,,LM,8.0,,2016-02-01,2022.0,,,71.0,59.0,65.0,70.0,42.0,69.0,,,,,,,,48,56,60,71,63,65,46,49,74,73,67,74,78,76,72,72,80,67,67,49,74,40,72,73,49,68,38,43,40,13,8,8,9,12,66+2,66+2,66+2,66+2,68+2,68+2,68+2,66+2,69+2,69+2,69+2,67+2,67+2,67+2,67+2,67+2,56+2,59+2,59+2,59+2,56+2,54+2,53+2,53+2,53+2,54+2
819,205402,https://sofifa.com/player/205402/jean-paul-boetius/20/159586,J. Boëtius,Jean-Paul Boëtius,25,1994-03-22,178,76,Netherlands,1. FSV Mainz 05,78,81,13000000,29000,"CAM, LW",Right,1,4,4,Medium/High,Normal,No,23100000.0,,CAM,5.0,,2018-08-27,2022.0,,,85.0,70.0,74.0,81.0,42.0,64.0,,,,,,,"Selfish, Early Crosser, Crowd Favourite",72,69,61,75,72,81,80,60,67,79,85,85,89,75,75,71,68,83,60,73,47,35,77,79,61,72,41,43,36,15,12,9,11,9,73+2,73+2,73+2,77+2,76+2,76+2,76+2,77+2,77+2,77+2,77+2,77+2,72+2,72+2,72+2,77+2,62+2,58+2,58+2,58+2,62+2,59+2,50+2,50+2,50+2,59+2
14190,233831,https://sofifa.com/player/233831/john-salas/20/159586,J. Salas,John Salas,22,1996-10-12,174,68,Chile,Coquimbo Unido,61,71,375000,1000,"RB, LB",Left,1,3,2,Medium/Medium,Lean,No,581000.0,,RB,22.0,,2019-01-01,2020.0,,,83.0,33.0,57.0,59.0,56.0,49.0,,,,,,,,67,21,44,62,30,52,45,61,61,63,86,81,79,53,72,52,69,48,46,34,54,57,50,37,45,49,54,59,58,6,8,12,12,7,48+2,48+2,48+2,55+2,52+2,52+2,52+2,55+2,53+2,53+2,53+2,57+2,53+2,53+2,53+2,57+2,60+2,56+2,56+2,56+2,60+2,60+2,55+2,55+2,55+2,60+2
6855,217096,https://sofifa.com/player/217096/joe-lumley/20/159586,J. Lumley,Joe Lumley,24,1995-02-15,190,73,England,Queens Park Rangers,68,74,925000,3000,GK,Right,1,3,1,Medium/Medium,Lean,No,1900000.0,,GK,1.0,,2013-05-30,2021.0,,,,,,,,,69.0,67.0,67.0,68.0,45.0,64.0,,18,12,19,21,15,19,15,13,18,23,43,46,30,64,51,50,51,38,51,16,26,25,19,45,17,28,20,19,20,69,67,67,64,68,,,,,,,,,,,,,,,,,,,,,,,,,,
5388,189824,https://sofifa.com/player/189824/renato-araujo-chaves-jr/20/159586,Renato Chaves,Renato de Araújo Chaves Júnior,29,1990-05-04,185,78,Brazil,Al Wehda,70,70,1500000,13000,CB,Right,1,2,2,Medium/Medium,Normal,No,2500000.0,,RCB,6.0,,2018-08-04,2021.0,,,55.0,47.0,54.0,49.0,70.0,72.0,,,,,,,,48,39,70,62,50,47,38,42,55,52,59,52,43,64,51,64,82,63,79,48,65,67,38,54,50,53,73,69,73,15,14,7,10,7,53+2,53+2,53+2,50+2,51+2,51+2,51+2,50+2,51+2,51+2,51+2,52+2,55+2,55+2,55+2,52+2,61+2,64+2,64+2,64+2,61+2,63+2,69+2,69+2,69+2,63+2
9206,252425,https://sofifa.com/player/252425/bogdan-mladenovic/20/159586,B. Mladenovic,Bogdan Mladenovic,23,1996-04-04,183,77,Serbia,Gil Vicente FC,66,71,850000,3000,LW,Left,1,2,2,Medium/Medium,Lean,No,1800000.0,,RES,10.0,,2019-08-05,2022.0,,,74.0,64.0,59.0,69.0,28.0,59.0,,,,,,,,62,65,48,61,61,71,70,41,47,68,73,74,68,65,65,75,48,67,62,52,46,31,65,64,59,64,20,29,26,10,9,12,9,12,64+2,64+2,64+2,66+2,66+2,66+2,66+2,66+2,64+2,64+2,64+2,65+2,58+2,58+2,58+2,65+2,51+2,46+2,46+2,46+2,51+2,48+2,40+2,40+2,40+2,48+2
419,220477,https://sofifa.com/player/220477/mattia-caldara/20/159586,M. Caldara,Mattia Caldara,25,1994-05-05,187,80,Italy,Milan,80,86,18000000,40000,CB,Right,2,3,2,Medium/High,Normal,No,34200000.0,,SUB,31.0,,2018-08-02,2023.0,,,64.0,34.0,46.0,63.0,83.0,74.0,,,,,,,Long Passer (CPU AI Only),34,36,82,63,51,62,20,24,58,63,62,65,58,77,59,38,76,64,78,20,76,82,34,32,30,74,85,84,80,14,9,6,9,5,54+2,54+2,54+2,52+2,52+2,52+2,52+2,52+2,52+2,52+2,52+2,54+2,57+2,57+2,57+2,54+2,68+2,71+2,71+2,71+2,68+2,71+2,79+2,79+2,79+2,71+2
15628,227870,https://sofifa.com/player/227870/andre-sodlund/20/159586,A. Södlund,André Södlund,22,1996-12-22,185,76,Norway,Odds BK,59,67,230000,1000,"RW, LW",Right,1,3,2,High/High,Lean,No,334000.0,,LW,24.0,,2018-08-15,2021.0,,,66.0,56.0,53.0,62.0,49.0,66.0,,,,,,,,45,58,52,63,46,64,38,34,52,61,64,68,63,57,50,65,53,75,67,49,56,48,56,52,47,58,45,52,52,14,12,6,15,10,59+2,59+2,59+2,58+2,59+2,59+2,59+2,58+2,58+2,58+2,58+2,59+2,57+2,57+2,57+2,59+2,56+2,55+2,55+2,55+2,56+2,55+2,53+2,53+2,53+2,55+2
4246,244194,https://sofifa.com/player/244194/peter-haring/20/159586,P. Haring,Peter Haring,26,1993-06-02,187,85,Austria,Heart of Midlothian,71,75,2700000,6000,"CDM, CM, CB",Right,1,4,2,Medium/High,Normal,No,5000000.0,,SUB,5.0,,2018-06-21,2020.0,,,65.0,48.0,65.0,67.0,73.0,74.0,,,,,,,"Leadership, Long Passer (CPU AI Only), Giant Throw-in",65,54,75,69,30,65,63,24,70,71,65,65,65,60,64,66,73,70,78,23,67,76,50,67,42,68,71,72,69,8,9,5,13,8,61+2,61+2,61+2,61+2,61+2,61+2,61+2,61+2,62+2,62+2,62+2,64+2,65+2,65+2,65+2,64+2,68+2,70+2,70+2,70+2,68+2,69+2,71+2,71+2,71+2,69+2
12409,246926,https://sofifa.com/player/246926/jose-castano-munoz/20/159586,Pepe Castaño,José Castaño Muñoz,20,1998-12-10,184,75,Spain,Villarreal CF,63,73,550000,4000,CB,Right,1,2,2,High/Low,Normal,No,1300000.0,,RES,33.0,,2018-07-01,2020.0,,,55.0,41.0,51.0,51.0,62.0,59.0,,,,,,,,42,38,64,60,41,42,48,28,55,58,55,55,61,59,61,53,67,57,58,31,64,63,42,48,52,56,62,61,63,7,5,11,12,15,50+2,50+2,50+2,48+2,49+2,49+2,49+2,48+2,50+2,50+2,50+2,50+2,53+2,53+2,53+2,50+2,56+2,59+2,59+2,59+2,56+2,58+2,61+2,61+2,61+2,58+2
10873,208507,https://sofifa.com/player/208507/daniel-barrio-alvarez/20/159586,Dani Barrio,Daniel Barrio Álvarez,32,1987-02-10,190,78,Spain,CD Numancia,65,65,325000,2000,GK,Right,1,3,1,Medium/Medium,Lean,No,504000.0,,GK,13.0,,2019-07-10,2020.0,,,,,,,,,66.0,65.0,62.0,70.0,49.0,65.0,,14,11,17,30,24,17,18,19,17,22,49,49,37,50,49,47,57,42,65,13,31,22,20,22,22,29,28,18,17,66,65,62,65,70,,,,,,,,,,,,,,,,,,,,,,,,,,
4285,218981,https://sofifa.com/player/218981/helibelton-palacios/20/159586,H. Palacios,Helibelton Palacios Zapata,26,1993-06-11,180,76,Colombia,Atlético Nacional,71,74,2600000,4000,"RB, RWB",Right,1,2,2,High/Medium,Normal,No,3800000.0,,RB,13.0,,2018-01-18,2020.0,,,84.0,37.0,62.0,63.0,66.0,78.0,,,,,,,Early Crosser,65,27,59,66,59,63,34,34,66,58,85,84,74,68,68,61,53,93,74,25,75,64,58,62,39,59,68,67,69,14,15,16,15,6,56+2,56+2,56+2,60+2,58+2,58+2,58+2,60+2,60+2,60+2,60+2,65+2,62+2,62+2,62+2,65+2,70+2,67+2,67+2,67+2,70+2,70+2,66+2,66+2,66+2,70+2
13529,251342,https://sofifa.com/player/251342/benedikt-pichler/20/159586,B. Pichler,Benedikt Pichler,21,1997-07-20,184,87,Austria,FK Austria Wien,62,69,425000,2000,"LM, ST",Right,1,3,2,Medium/Medium,Normal,No,701000.0,,RES,11.0,,2019-07-01,2023.0,,,70.0,56.0,54.0,66.0,32.0,62.0,,,,,,,,63,63,64,54,40,69,54,39,47,66,68,72,69,47,57,57,73,54,77,42,32,17,60,54,53,52,24,39,36,10,12,9,11,13,61+2,61+2,61+2,61+2,60+2,60+2,60+2,61+2,59+2,59+2,59+2,60+2,52+2,52+2,52+2,60+2,48+2,43+2,43+2,43+2,48+2,46+2,43+2,43+2,43+2,46+2
18065,252855,https://sofifa.com/player/252855/wayne-horlison/20/159586,W. Horlison,Wayne Horlison,27,1992-02-29,180,75,England,Bury,51,51,40000,1000,RM,Left,1,3,2,Medium/Medium,Normal,No,70000.0,,SUB,25.0,,2019-08-18,2023.0,,,78.0,48.0,43.0,51.0,39.0,54.0,,,,,,,,48,50,31,48,42,47,29,37,45,50,77,79,74,38,66,46,59,64,51,51,46,40,40,34,40,37,42,39,35,5,10,12,8,11,47+2,47+2,47+2,50+2,47+2,47+2,47+2,50+2,47+2,47+2,47+2,50+2,44+2,44+2,44+2,50+2,48+2,44+2,44+2,44+2,48+2,47+2,42+2,42+2,42+2,47+2
682,176919,https://sofifa.com/player/176919/nahuel-guzman/20/159586,N. Guzmán,Nahuel Ignacio Guzmán,33,1986-02-10,193,94,Argentina,Tigres U.A.N.L.,79,79,7000000,56000,GK,Right,3,3,1,Medium/Medium,Normal,No,11200000.0,,GK,1.0,,2014-07-04,2020.0,,,,,,,,,78.0,76.0,70.0,79.0,52.0,80.0,Acrobatic Clearance,20,10,15,40,12,21,18,22,46,25,51,52,70,77,57,53,66,38,80,17,33,29,19,55,12,65,26,13,12,78,76,70,80,79,,,,,,,,,,,,,,,,,,,,,,,,,,
7817,237973,https://sofifa.com/player/237973/konstantin-kuchaev/20/159586,K. Kuchaev,Konstantin Kuchaev,21,1998-03-18,182,74,Russia,PFC CSKA Moscow,67,77,1200000,1000,"CAM, LM",Right,1,4,3,Medium/Medium,Lean,No,3000000.0,,RES,20.0,,2015-07-01,2020.0,,,78.0,58.0,64.0,70.0,51.0,60.0,,,,,,,,67,62,52,68,49,70,58,52,55,71,83,73,70,62,64,66,57,68,52,44,71,38,63,67,51,62,60,53,46,9,8,10,12,9,63+2,63+2,63+2,67+2,66+2,66+2,66+2,67+2,66+2,66+2,66+2,68+2,62+2,62+2,62+2,68+2,60+2,58+2,58+2,58+2,60+2,59+2,54+2,54+2,54+2,59+2
8352,126883,https://sofifa.com/player/126883/abdullah-durak/20/159586,A. Durak,Abdullah Durak,32,1987-04-01,181,80,Turkey,Çaykur Rizespor,67,67,500000,5000,CDM,Right,1,3,3,Medium/Medium,Normal,No,1000000.0,,SUB,5.0,,2018-01-31,2020.0,,,68.0,61.0,64.0,69.0,62.0,66.0,,,,,,,,61,60,60,65,42,66,61,48,65,70,68,68,76,70,76,68,64,72,65,63,62,68,59,71,51,54,56,65,58,10,12,12,8,10,63+2,63+2,63+2,65+2,65+2,65+2,65+2,65+2,66+2,66+2,66+2,66+2,66+2,66+2,66+2,66+2,65+2,65+2,65+2,65+2,65+2,64+2,63+2,63+2,63+2,64+2
17278,250758,https://sofifa.com/player/250758/frazer-blake-tracy/20/159586,F. Blake-Tracy,Frazer Blake-Tracy,23,1995-09-10,183,64,England,Peterborough United,55,64,110000,2000,LB,Left,1,3,2,Medium/High,Normal,No,215000.0,,SUB,18.0,,2019-07-01,2021.0,,,59.0,24.0,39.0,53.0,53.0,55.0,,,,,,,,48,21,49,45,28,54,25,32,23,52,66,54,57,52,46,21,60,64,52,24,48,49,49,39,33,35,53,57,55,8,11,12,5,5,41+2,41+2,41+2,47+2,44+2,44+2,44+2,47+2,45+2,45+2,45+2,48+2,44+2,44+2,44+2,48+2,53+2,48+2,48+2,48+2,53+2,53+2,52+2,52+2,52+2,53+2
6218,229260,https://sofifa.com/player/229260/kevin-bua/20/159586,K. Bua,Kevin Bua,25,1993-08-11,180,76,Switzerland,FC Basel 1893,69,70,1200000,12000,"LM, RM",Right,1,4,3,High/Low,Lean,No,2000000.0,,SUB,33.0,,2016-07-08,2020.0,,,83.0,61.0,62.0,71.0,38.0,61.0,,,,,,,Early Crosser,67,60,39,64,59,71,49,39,59,69,82,83,82,62,71,67,56,70,63,60,44,34,60,66,53,69,55,28,24,7,7,9,5,10,62+2,62+2,62+2,68+2,66+2,66+2,66+2,68+2,66+2,66+2,66+2,67+2,61+2,61+2,61+2,67+2,55+2,51+2,51+2,51+2,55+2,52+2,44+2,44+2,44+2,52+2
8974,220786,https://sofifa.com/player/220786/moussa-jailani-njie/20/159586,M. Njie,Moussa Jailani Njie,23,1995-10-02,185,75,Norway,Odds BK,66,74,950000,2000,"LW, RW",Right,1,3,4,High/Medium,Lean,No,1400000.0,,SUB,10.0,,2019-01-17,2021.0,,,87.0,60.0,57.0,68.0,29.0,60.0,,,,,,,"Selfish, Crowd Favourite",61,60,54,62,48,68,54,33,48,65,86,88,81,59,74,63,60,73,63,60,37,20,61,58,55,65,43,17,13,12,9,11,11,7,63+2,63+2,63+2,66+2,64+2,64+2,64+2,66+2,63+2,63+2,63+2,65+2,56+2,56+2,56+2,65+2,50+2,44+2,44+2,44+2,50+2,47+2,39+2,39+2,39+2,47+2
4812,251217,https://sofifa.com/player/251217/jean-lucas-de-souza-oliveira/20/159586,Jean Lucas,Jean Lucas de Souza Oliveira,21,1998-06-22,181,78,Brazil,Olympique Lyonnais,70,81,3000000,23000,"CM, CDM",Right,1,3,3,Medium/Medium,Lean,No,6300000.0,,SUB,22.0,,2019-06-25,2024.0,,,70.0,55.0,68.0,68.0,58.0,67.0,,,,,,,Selfish,52,43,61,77,48,68,58,45,75,73,71,70,60,63,58,72,58,66,69,67,63,54,56,70,47,75,58,62,52,12,7,14,13,11,62+2,62+2,62+2,64+2,65+2,65+2,65+2,64+2,67+2,67+2,67+2,65+2,68+2,68+2,68+2,65+2,62+2,65+2,65+2,65+2,62+2,61+2,61+2,61+2,61+2,61+2
2697,227732,https://sofifa.com/player/227732/anastasios-donis/20/159586,A. Donis,Anastasios Donis,22,1996-08-29,178,76,Greece,VfB Stuttgart,73,81,6000000,21000,"ST, RM, LW",Right,1,4,3,High/Low,Normal,No,10800000.0,,RES,11.0,,2017-07-01,2021.0,SUB,15.0,87.0,71.0,57.0,79.0,25.0,65.0,,,,,,,"Selfish, Early Crosser",54,74,61,68,63,80,47,41,50,80,89,86,77,72,78,70,69,73,63,66,61,20,69,50,69,61,22,18,24,8,14,12,15,11,72+2,72+2,72+2,72+2,73+2,73+2,73+2,72+2,70+2,70+2,70+2,71+2,61+2,61+2,61+2,71+2,52+2,47+2,47+2,47+2,52+2,49+2,41+2,41+2,41+2,49+2
4530,188791,https://sofifa.com/player/188791/alberto-costa/20/159586,A. Costa,Alberto Facundo Costa,34,1985-01-09,176,75,Argentina,Atlético Nacional,71,71,1200000,4000,"CM, CAM, CDM",Left,2,3,3,Medium/Medium,Normal,Yes,1600000.0,,CAM,18.0,,2019-07-08,2020.0,,,57.0,70.0,73.0,71.0,68.0,63.0,,,,,,,"Long Throw-in, Argues with Officials",68,63,70,74,65,69,74,78,74,75,60,55,74,66,72,84,60,54,66,75,69,64,61,74,76,75,68,70,66,12,16,7,14,7,67+2,67+2,67+2,67+2,68+2,68+2,68+2,67+2,69+2,69+2,69+2,67+2,70+2,70+2,70+2,67+2,66+2,68+2,68+2,68+2,66+2,65+2,67+2,67+2,67+2,65+2
696,186537,https://sofifa.com/player/186537/cristhian-stuani/20/159586,C. Stuani,Cristhian Ricardo Stuani Curbelo,32,1986-10-12,186,76,Uruguay,Girona FC,79,79,10000000,15000,ST,Right,1,3,4,Medium/Low,Lean,Yes,16000000.0,,ST,7.0,,2017-07-21,2022.0,,,69.0,78.0,69.0,75.0,48.0,82.0,,,,,,,"Long Passer (CPU AI Only), Crowd Favourite",68,80,85,74,73,76,66,57,65,77,69,69,65,81,62,77,90,86,80,74,81,36,82,69,90,79,45,49,42,16,14,9,16,8,78+2,78+2,78+2,74+2,76+2,76+2,76+2,74+2,74+2,74+2,74+2,74+2,71+2,71+2,71+2,74+2,62+2,62+2,62+2,62+2,62+2,60+2,60+2,60+2,60+2,60+2
17965,248723,https://sofifa.com/player/248723/connor-malley/20/159586,C. Malley,Connor Malley,19,2000-03-20,180,65,England,Middlesbrough,51,71,80000,3000,LW,Left,1,3,2,Medium/Medium,Lean,No,232000.0,,RES,34.0,,2018-07-01,2022.0,,,64.0,46.0,50.0,54.0,26.0,40.0,,,,,,,,54,44,37,54,45,52,43,37,44,57,66,62,55,33,71,57,45,41,42,39,33,23,42,48,55,47,26,23,31,14,8,13,9,6,47+2,47+2,47+2,50+2,49+2,49+2,49+2,50+2,49+2,49+2,49+2,50+2,45+2,45+2,45+2,50+2,41+2,37+2,37+2,37+2,41+2,39+2,33+2,33+2,33+2,39+2
4199,228326,https://sofifa.com/player/228326/brian-olivan-herrero/20/159586,Brian Oliván,Brian Oliván Herrero,25,1994-04-01,177,73,Spain,Cádiz CF,71,76,2800000,6000,LB,Left,1,3,3,High/Medium,Lean,No,4600000.0,,LB,2.0,,2017-07-01,2021.0,,,74.0,56.0,61.0,70.0,66.0,75.0,,,,,,,,70,55,60,65,51,70,71,41,59,71,72,76,68,67,69,63,61,92,66,48,80,69,65,49,62,61,65,67,65,13,15,13,8,12,63+2,63+2,63+2,65+2,64+2,64+2,64+2,65+2,63+2,63+2,63+2,67+2,64+2,64+2,64+2,67+2,70+2,67+2,67+2,67+2,70+2,69+2,66+2,66+2,66+2,69+2
6388,192554,https://sofifa.com/player/192554/mohammed-abubakari/20/159586,M. Abubakari,Mohammed Abubakari,33,1986-02-15,178,75,Ghana,Helsingborgs IF,69,69,500000,2000,"CDM, CM",Right,1,2,2,Medium/High,Lean,No,625000.0,,LDM,14.0,,2018-01-01,2020.0,,,59.0,50.0,62.0,65.0,63.0,77.0,,,,,,,,48,40,45,68,48,62,63,55,65,66,64,55,71,72,76,64,66,79,74,58,84,65,44,63,61,74,62,67,63,6,14,13,11,13,55+2,55+2,55+2,58+2,58+2,58+2,58+2,58+2,61+2,61+2,61+2,60+2,64+2,64+2,64+2,60+2,64+2,67+2,67+2,67+2,64+2,63+2,65+2,65+2,65+2,63+2
7021,206653,https://sofifa.com/player/206653/brad-potts/20/159586,B. Potts,Brad Potts,24,1994-07-03,188,81,England,Preston North End,68,71,1100000,10000,"RM, CM, LM",Right,1,2,3,Medium/Medium,Normal,No,2200000.0,,SUB,44.0,,2019-01-03,2022.0,,,68.0,60.0,65.0,65.0,55.0,70.0,,,,,,,Long Throw-in,63,64,58,67,32,64,53,57,62,67,70,66,62,66,59,68,59,82,73,51,49,52,67,69,48,64,57,56,50,16,13,13,15,16,64+2,64+2,64+2,65+2,65+2,65+2,65+2,65+2,65+2,65+2,65+2,66+2,65+2,65+2,65+2,66+2,62+2,61+2,61+2,61+2,62+2,61+2,58+2,58+2,58+2,61+2
14666,247721,https://sofifa.com/player/247721/tobias-raschl/20/159586,T. Raschl,Tobias Raschl,19,2000-02-21,177,75,Germany,Borussia Dortmund,60,78,425000,4000,CDM,Right,1,3,2,Medium/Medium,Lean,No,967000.0,,RES,37.0,,2019-03-06,2022.0,,,64.0,44.0,59.0,61.0,53.0,61.0,,,,,,,,54,42,43,65,44,59,46,53,63,61,66,62,69,55,72,57,64,55,61,39,69,59,44,57,38,61,48,57,58,10,10,10,14,8,52+2,52+2,52+2,56+2,54+2,54+2,54+2,56+2,56+2,56+2,56+2,57+2,57+2,57+2,57+2,57+2,57+2,59+2,59+2,59+2,57+2,57+2,56+2,56+2,56+2,57+2
16696,195355,https://sofifa.com/player/195355/darren-mccauley/20/159586,D. McCauley,Darren McCauley,28,1991-02-21,179,74,Republic of Ireland,Derry City,57,57,100000,1000,LM,Right,1,3,3,Medium/Low,Lean,No,155000.0,,SUB,22.0,,2019-07-01,2020.0,,,63.0,48.0,53.0,56.0,39.0,55.0,,,,,,,,54,46,52,57,48,58,44,31,53,56,62,64,51,50,55,64,53,58,51,40,60,30,55,55,35,49,32,46,45,8,11,11,15,12,53+2,53+2,53+2,54+2,54+2,54+2,54+2,54+2,54+2,54+2,54+2,55+2,52+2,52+2,52+2,55+2,49+2,47+2,47+2,47+2,49+2,48+2,45+2,45+2,45+2,48+2
14171,240919,https://sofifa.com/player/240919/jose-carlos-sanchez-gonzalez/20/159586,José Carlos,José Carlos Sánchez González,20,1998-08-24,170,67,Spain,Málaga CF,61,72,425000,1000,"CM, CAM",Right,1,3,3,Medium/Medium,Lean,No,765000.0,,RES,38.0,,2017-07-01,2020.0,,,69.0,55.0,58.0,67.0,53.0,49.0,,,,,,,,46,57,40,66,42,66,64,60,60,65,68,69,69,62,87,54,38,61,47,55,40,56,53,52,49,56,52,56,54,8,9,11,8,9,56+2,56+2,56+2,60+2,60+2,60+2,60+2,60+2,61+2,61+2,61+2,60+2,60+2,60+2,60+2,60+2,58+2,57+2,57+2,57+2,58+2,57+2,52+2,52+2,52+2,57+2
14458,209895,https://sofifa.com/player/209895/matthew-acton/20/159586,M. Acton,Matthew Acton,27,1992-06-03,184,85,Australia,Melbourne Victory,61,64,220000,1000,GK,Right,1,2,1,Medium/Medium,Normal,No,292000.0,,SUB,1.0,,2016-11-25,2020.0,,,,,,,,,63.0,61.0,59.0,63.0,40.0,58.0,,20,19,19,26,11,19,20,18,25,18,40,40,38,51,41,44,59,25,58,18,18,25,20,11,27,58,16,19,19,63,61,59,58,63,,,,,,,,,,,,,,,,,,,,,,,,,,
14891,251547,https://sofifa.com/player/251547/david-schnegg/20/159586,D. Schnegg,David Schnegg,20,1998-09-29,185,73,Austria,LASK Linz,60,71,325000,1000,"LB, LM",Left,1,3,2,High/Medium,Lean,No,553000.0,,SUB,17.0,,2019-07-01,2022.0,,,73.0,45.0,53.0,57.0,57.0,60.0,,,,,,,,61,41,48,59,38,55,51,45,47,58,71,74,65,52,55,55,46,59,64,46,54,58,44,43,35,50,56,61,55,6,5,15,12,10,52+2,52+2,52+2,55+2,52+2,52+2,52+2,55+2,52+2,52+2,52+2,55+2,52+2,52+2,52+2,55+2,59+2,56+2,56+2,56+2,59+2,59+2,56+2,56+2,56+2,59+2
14980,248470,https://sofifa.com/player/248470/johannes-handl/20/159586,J. Handl,Johannes Handl,21,1998-05-07,196,86,Austria,FK Austria Wien,60,69,290000,2000,CB,Right,1,4,2,Medium/High,Lean,No,479000.0,,RCB,46.0,,2019-07-01,2023.0,,,58.0,30.0,36.0,36.0,58.0,71.0,,,,,,,,33,23,72,41,31,29,31,22,35,41,49,65,42,48,55,45,63,64,82,32,52,53,22,37,34,52,49,65,59,11,9,12,10,5,41+2,41+2,41+2,36+2,37+2,37+2,37+2,36+2,36+2,36+2,36+2,38+2,40+2,40+2,40+2,38+2,50+2,50+2,50+2,50+2,50+2,53+2,59+2,59+2,59+2,53+2
12258,246106,https://sofifa.com/player/246106/marcelo-herrera/20/159586,M. Herrera,Marcelo Herrera,20,1998-11-03,180,71,Argentina,San Lorenzo de Almagro,63,77,750000,3000,"RB, CB",Right,1,3,2,Medium/Medium,Lean,No,1600000.0,,SUB,42.0,,2018-09-21,2022.0,,,64.0,32.0,48.0,64.0,64.0,60.0,,,,,,,,58,27,53,60,27,65,33,34,35,62,64,64,69,60,61,32,61,64,63,34,45,65,56,33,44,62,66,67,61,11,14,10,14,12,49+2,49+2,49+2,55+2,52+2,52+2,52+2,55+2,52+2,52+2,52+2,56+2,52+2,52+2,52+2,56+2,62+2,58+2,58+2,58+2,62+2,62+2,61+2,61+2,61+2,62+2
12847,205747,https://sofifa.com/player/205747/martin-sourzac/20/159586,M. Sourzac,Martin Sourzac,27,1992-03-25,188,78,France,AS Nancy Lorraine,63,64,300000,1000,GK,Right,1,2,1,Medium/Medium,Normal,No,548000.0,,SUB,16.0,,2019-07-23,2023.0,,,,,,,,,63.0,62.0,57.0,66.0,55.0,61.0,,18,12,16,33,14,26,12,12,23,29,55,55,55,58,58,43,68,30,65,14,17,18,16,24,24,56,11,11,16,63,62,57,61,66,,,,,,,,,,,,,,,,,,,,,,,,,,
5757,229575,https://sofifa.com/player/229575/daniel-mancini/20/159586,D. Mancini,Daniel  Mancini,22,1996-11-11,171,72,Argentina,FC Girondins de Bordeaux,69,78,1600000,12000,"RM, LM",Right,1,3,3,Medium/Medium,Normal,No,3400000.0,,RES,46.0,,2017-01-26,2020.0,,,71.0,58.0,63.0,74.0,57.0,64.0,,,,,,,,54,55,45,69,45,75,48,52,64,73,72,70,75,67,77,60,92,74,61,65,51,59,65,66,47,66,53,63,59,6,13,13,12,13,62+2,62+2,62+2,67+2,67+2,67+2,67+2,67+2,68+2,68+2,68+2,67+2,67+2,67+2,67+2,67+2,64+2,63+2,63+2,63+2,64+2,62+2,59+2,59+2,59+2,62+2
11114,235841,https://sofifa.com/player/235841/axel-bakayoko/20/159586,A. Bakayoko,Axel Bakayoko,21,1998-01-06,179,69,France,FC St. Gallen,64,77,875000,3000,"RW, RB",Right,1,3,3,High/Medium,Normal,No,,,RW,11.0,Inter,,2020.0,,,77.0,59.0,60.0,70.0,54.0,51.0,,,,,,,,62,61,50,62,59,70,70,61,58,70,76,78,79,52,69,68,56,69,44,45,43,45,55,52,64,52,57,58,53,14,7,9,6,7,60+2,60+2,60+2,64+2,62+2,62+2,62+2,64+2,61+2,61+2,61+2,64+2,59+2,59+2,59+2,64+2,60+2,56+2,56+2,56+2,60+2,59+2,53+2,53+2,53+2,59+2
2568,211826,https://sofifa.com/player/211826/rafael-czichos/20/159586,R. Czichos,Rafael Czichos,29,1990-05-14,187,86,Germany,1. FC Köln,74,74,4700000,22000,"CB, LB",Left,1,3,2,High/Medium,Normal,No,8100000.0,,LCB,5.0,,2018-07-01,2022.0,,,59.0,48.0,59.0,62.0,74.0,74.0,,,,,,,,56,42,69,69,33,59,52,57,58,67,55,62,60,65,62,65,73,67,79,51,72,73,43,47,36,69,73,77,72,8,7,14,11,9,57+2,57+2,57+2,56+2,56+2,56+2,56+2,56+2,57+2,57+2,57+2,58+2,61+2,61+2,61+2,58+2,67+2,69+2,69+2,69+2,67+2,68+2,72+2,72+2,72+2,68+2
2617,230272,https://sofifa.com/player/230272/kaua-ricardo-abranches-simoes/20/159586,Kauã Abranches,Kauã Ricardo Abranches Simões,35,1984-02-29,177,70,Brazil,Fortaleza,74,74,2500000,9000,"CAM, RM, RB",Right,1,4,3,High/Medium,Lean,No,4700000.0,,SUB,10.0,,2015-01-01,2022.0,,,85.0,64.0,67.0,74.0,51.0,61.0,,,,,,,Early Crosser,72,64,43,70,58,72,49,60,58,73,88,82,81,81,75,63,53,76,60,66,49,66,77,71,53,68,34,58,57,8,10,12,20,19,68+2,68+2,68+2,73+2,72+2,72+2,72+2,73+2,72+2,72+2,72+2,73+2,69+2,69+2,69+2,73+2,68+2,62+2,62+2,62+2,68+2,65+2,56+2,56+2,56+2,65+2
9391,216750,https://sofifa.com/player/216750/patrik-carlgren/20/159586,P. Carlgren,Patrik Ulf Anders Carlgren,27,1992-01-08,188,84,Sweden,Randers FC,66,68,550000,3000,GK,Right,1,2,1,Medium/Medium,Normal,No,729000.0,,GK,1.0,,2018-07-08,2021.0,,,,,,,,,69.0,61.0,59.0,64.0,33.0,62.0,Second Wind,13,13,18,23,9,14,10,15,16,22,33,33,48,73,43,44,59,34,62,14,21,14,14,48,21,51,20,12,13,69,61,59,62,64,,,,,,,,,,,,,,,,,,,,,,,,,,
9601,184763,https://sofifa.com/player/184763/yohann-thuram/20/159586,Y. Thuram,Yohann Thuram-Ulien,30,1988-10-31,187,85,France,Le Mans FC,66,66,425000,1000,GK,Right,2,2,1,Medium/Medium,Normal,No,744000.0,,GK,16.0,,2019-07-08,2020.0,,,,,,,,,66.0,62.0,60.0,68.0,39.0,67.0,,12,14,14,27,14,11,9,19,39,13,39,39,70,65,46,45,67,34,84,14,15,23,12,42,35,54,13,17,9,66,62,60,67,68,,,,,,,,,,,,,,,,,,,,,,,,,,
5039,211021,https://sofifa.com/player/211021/per-kristian-bratveit/20/159586,P. Bråtveit,Per Kristian Worre Bråtveit,23,1996-02-15,184,72,Norway,Djurgårdens IF,70,74,1700000,2000,GK,Right,1,3,1,Medium/Medium,Lean,No,2300000.0,,GK,12.0,,2019-01-12,2022.0,SUB,12.0,,,,,,,72.0,64.0,72.0,68.0,46.0,70.0,,15,20,15,24,17,15,13,18,27,15,45,46,39,69,59,54,59,38,45,15,19,23,20,50,15,50,8,17,13,72,64,72,70,68,,,,,,,,,,,,,,,,,,,,,,,,,,
3457,222825,https://sofifa.com/player/222825/chadrac-akolo/20/159586,C. Akolo,Chadrac Akolo,24,1995-04-01,172,72,DR Congo,Amiens SC,72,77,4200000,12000,"RM, CAM, ST",Right,1,3,3,High/Medium,Normal,No,,,RM,19.0,VfB Stuttgart,,2020.0,,,81.0,68.0,63.0,78.0,26.0,61.0,,,,,,,,65,72,37,66,60,78,71,47,63,75,83,79,89,71,86,76,49,64,63,57,57,23,68,59,48,62,23,27,26,11,14,7,10,7,68+2,68+2,68+2,72+2,70+2,70+2,70+2,72+2,70+2,70+2,70+2,70+2,62+2,62+2,62+2,70+2,53+2,49+2,49+2,49+2,53+2,48+2,40+2,40+2,40+2,48+2
6634,239250,https://sofifa.com/player/239250/abel-ruiz-ortega/20/159586,Abel Ruiz,Abel Ruiz Ortega,19,2000-01-28,182,73,Spain,FC Barcelona,68,84,1900000,28000,"ST, LW",Right,1,3,4,Medium/Medium,Normal,No,5200000.0,,RES,29.0,,2017-07-01,2021.0,,,72.0,68.0,53.0,68.0,37.0,65.0,,,,,,,Selfish,36,69,62,65,63,70,41,48,42,67,70,73,67,63,64,67,60,65,73,67,46,19,67,63,64,57,45,38,20,6,10,10,10,8,67+2,67+2,67+2,64+2,67+2,67+2,67+2,64+2,65+2,65+2,65+2,62+2,58+2,58+2,58+2,62+2,48+2,48+2,48+2,48+2,48+2,46+2,46+2,46+2,46+2,46+2
7740,228357,https://sofifa.com/player/228357/kevin-soni/20/159586,K. Soni,Kévin Soni,21,1998-04-17,183,76,Cameroon,Girona FC,67,79,1400000,3000,"CAM, ST, LM",Left,1,3,3,Medium/Medium,Normal,No,2500000.0,,SUB,27.0,,2017-07-21,2022.0,,,79.0,60.0,59.0,71.0,44.0,67.0,,,,,,,Injury Free,57,64,64,60,57,72,57,48,55,70,78,80,75,63,71,58,70,65,72,52,57,32,65,63,53,59,50,42,37,8,12,7,8,9,65+2,65+2,65+2,66+2,66+2,66+2,66+2,66+2,65+2,65+2,65+2,66+2,60+2,60+2,60+2,66+2,55+2,53+2,53+2,53+2,55+2,54+2,52+2,52+2,52+2,54+2
15435,238767,https://sofifa.com/player/238767/javier-altamirano/20/159586,J. Altamirano,Javier Altamirano,19,1999-08-21,172,68,Chile,CD Huachipato,59,73,325000,1000,"CM, CAM",Right,1,3,2,Medium/Medium,Lean,No,642000.0,,SUB,20.0,,2018-01-01,2019.0,,,66.0,46.0,57.0,64.0,41.0,54.0,,,,,,,Finesse Shot,47,47,44,65,44,65,45,40,59,62,67,65,69,49,79,46,61,59,52,42,52,35,58,61,44,58,37,47,39,10,15,8,14,13,53+2,53+2,53+2,58+2,57+2,57+2,57+2,58+2,59+2,59+2,59+2,59+2,57+2,57+2,57+2,59+2,50+2,51+2,51+2,51+2,50+2,49+2,46+2,46+2,46+2,49+2
1794,210450,https://sofifa.com/player/210450/abdoulaye-toure/20/159586,A. Touré,Abdoulaye Touré,25,1994-03-03,188,84,France,FC Nantes,75,78,7500000,21000,"CDM, CM",Right,1,3,3,Medium/High,Normal,No,15600000.0,#Strength,RCM,19.0,,2014-07-01,2022.0,,,47.0,56.0,61.0,63.0,74.0,80.0,,,,,,,Argues with Officials,48,41,52,71,42,62,49,49,70,75,54,41,37,69,39,79,35,76,89,78,75,77,46,58,39,59,76,77,74,8,15,9,9,7,59+2,59+2,59+2,58+2,60+2,60+2,60+2,58+2,61+2,61+2,61+2,60+2,68+2,68+2,68+2,60+2,67+2,74+2,74+2,74+2,67+2,67+2,72+2,72+2,72+2,67+2
15000,222978,https://sofifa.com/player/222978/greg-sloggett/20/159586,G. Sloggett,Greg Sloggett,22,1996-07-03,188,75,Republic of Ireland,Derry City,60,68,300000,1000,"CM, CDM",Right,1,3,2,Medium/Medium,Normal,No,525000.0,,RCM,6.0,,2018-12-15,2019.0,,,56.0,57.0,63.0,58.0,49.0,62.0,,,,,,,,58,60,50,65,41,67,56,55,60,52,50,61,43,47,53,57,46,64,65,55,55,48,60,70,49,60,47,50,48,7,15,14,13,12,56+2,56+2,56+2,58+2,58+2,58+2,58+2,58+2,59+2,59+2,59+2,59+2,59+2,59+2,59+2,59+2,54+2,54+2,54+2,54+2,54+2,52+2,51+2,51+2,51+2,52+2
10600,197904,https://sofifa.com/player/197904/mike-cestor/20/159586,M. Cestor,Mike Cestor,27,1992-04-30,178,78,DR Congo,CFR Cluj,65,66,550000,3000,CB,Left,1,3,2,Medium/Medium,Normal,No,811000.0,,SUB,92.0,,2019-07-13,2022.0,,,81.0,25.0,46.0,50.0,62.0,72.0,,,,,,,,58,20,64,52,22,40,13,16,48,53,79,82,79,62,71,44,81,60,83,12,59,49,35,38,32,43,63,64,72,12,14,14,13,7,46+2,46+2,46+2,48+2,45+2,45+2,45+2,48+2,46+2,46+2,46+2,51+2,47+2,47+2,47+2,51+2,60+2,56+2,56+2,56+2,60+2,62+2,63+2,63+2,63+2,62+2
6804,244625,https://sofifa.com/player/244625/gonzalo-avila-gordon/20/159586,Pipa,Gonzalo Ávila Gordón,21,1998-01-26,175,68,Spain,RCD Espanyol,68,76,1300000,8000,"RM, RB, RWB",Right,1,3,3,Medium/Medium,Normal,No,3100000.0,,SUB,2.0,,2016-07-01,2022.0,,,76.0,54.0,64.0,70.0,62.0,64.0,,,,,,,,70,45,59,65,48,70,70,58,64,71,73,79,69,67,74,70,57,65,66,63,61,62,67,55,36,55,63,62,61,8,5,7,15,6,63+2,63+2,63+2,66+2,65+2,65+2,65+2,66+2,64+2,64+2,64+2,66+2,64+2,64+2,64+2,66+2,66+2,63+2,63+2,63+2,66+2,65+2,63+2,63+2,63+2,65+2
789,213629,https://sofifa.com/player/213629/erick-pulgar/20/159586,E. Pulgar,Erick Pulgar,25,1994-01-15,187,74,Chile,Fiorentina,78,83,12500000,45000,"CDM, CM",Right,1,3,3,Medium/High,Lean,No,22200000.0,,LCM,7.0,,2019-08-09,2024.0,CDM,13.0,64.0,61.0,75.0,74.0,76.0,78.0,,,,,,,,69,49,69,78,54,74,77,71,75,78,65,63,67,74,68,78,79,83,75,68,79,73,58,75,75,78,79,78,74,12,12,11,15,11,66+2,66+2,66+2,68+2,69+2,69+2,69+2,68+2,71+2,71+2,71+2,70+2,74+2,74+2,74+2,70+2,74+2,76+2,76+2,76+2,74+2,74+2,75+2,75+2,75+2,74+2
8296,199668,https://sofifa.com/player/199668/santiago-gallucci/20/159586,S. Gallucci,Santiago Alejandro Gallucci Otero,28,1991-03-08,180,71,Argentina,Central Córdoba,67,68,750000,4000,"CDM, CM",Right,1,3,2,Medium/Medium,Lean,No,1100000.0,,SUB,21.0,,2019-02-12,2023.0,,,62.0,49.0,60.0,55.0,68.0,72.0,,,,,,,,59,45,63,71,43,49,42,49,63,59,63,62,69,65,59,51,60,71,72,57,74,62,57,48,46,59,72,72,56,10,14,11,12,14,56+2,56+2,56+2,57+2,56+2,56+2,56+2,57+2,57+2,57+2,57+2,58+2,60+2,60+2,60+2,58+2,63+2,66+2,66+2,66+2,63+2,64+2,66+2,66+2,66+2,64+2
15162,235220,https://sofifa.com/player/235220/yeerzati-yeerjieti/20/159586,Yeerjieti Yeerzati,叶尔杰提·叶尔扎提,26,1993-01-04,178,80,China PR,Chongqing Dangdai Lifan FC SWM Team,60,64,190000,1000,GK,Right,1,2,1,Medium/Medium,Normal,No,309000.0,,SUB,1.0,,2019-03-25,2022.0,,,,,,,,,63.0,57.0,64.0,60.0,50.0,58.0,,11,9,10,22,7,13,10,12,15,13,46,54,64,57,43,48,75,21,54,9,22,7,4,53,11,25,21,13,12,63,57,64,58,60,,,,,,,,,,,,,,,,,,,,,,,,,,
14062,240451,https://sofifa.com/player/240451/jan-niklas-beste/20/159586,J. Beste,Jan Niklas Beste,20,1999-01-04,174,64,Germany,FC Emmen,61,75,525000,1000,LB,Left,1,3,3,High/Medium,Lean,No,,,SUB,39.0,SV Werder Bremen,,2020.0,,,70.0,41.0,57.0,65.0,55.0,57.0,,,,,,,,67,40,38,62,37,63,59,58,52,66,73,67,72,59,79,52,62,66,53,35,55,53,46,41,38,53,56,58,59,13,8,7,14,8,51+2,51+2,51+2,58+2,55+2,55+2,55+2,58+2,55+2,55+2,55+2,59+2,55+2,55+2,55+2,59+2,61+2,57+2,57+2,57+2,61+2,60+2,55+2,55+2,55+2,60+2
8945,239391,https://sofifa.com/player/239391/juan-carlos-gaete/20/159586,J. Gaete,Juan Carlos Gaete,23,1996-05-21,174,66,Chile,CD Cobresal,66,75,1000000,1000,"LW, RW",Right,1,3,2,High/Low,Normal,No,1600000.0,,LM,21.0,,2019-07-01,2022.0,,,74.0,62.0,63.0,69.0,27.0,65.0,,,,,,,,63,64,62,65,53,70,61,53,62,67,71,76,72,54,71,65,63,71,67,56,54,17,64,64,64,56,41,14,10,13,6,13,6,12,64+2,64+2,64+2,65+2,65+2,65+2,65+2,65+2,65+2,65+2,65+2,66+2,59+2,59+2,59+2,66+2,48+2,46+2,46+2,46+2,48+2,44+2,40+2,40+2,40+2,44+2
8797,247103,https://sofifa.com/player/247103/david-hancko/20/159586,D. Hancko,Dávid Hancko,21,1997-12-13,188,78,Slovakia,Sparta Praha,66,80,1300000,1000,LB,Left,1,3,2,Medium/Medium,Stocky,No,3700000.0,,SUB,33.0,,2018-07-01,2023.0,,,57.0,41.0,58.0,58.0,67.0,65.0,,,,,,,,63,38,65,68,48,60,39,57,46,58,59,56,48,65,45,46,63,64,69,37,59,67,55,48,47,57,60,73,69,14,12,6,7,14,54+2,54+2,54+2,56+2,55+2,55+2,55+2,56+2,55+2,55+2,55+2,57+2,57+2,57+2,57+2,57+2,64+2,62+2,62+2,62+2,64+2,64+2,65+2,65+2,65+2,64+2
6975,222930,https://sofifa.com/player/222930/tarkan-serbest/20/159586,T. Serbest,Tarkan Serbest,25,1994-05-02,185,79,Turkey,FK Austria Wien,68,72,1100000,7000,"CM, CDM",Right,1,3,2,Medium/Medium,Normal,No,1700000.0,,RCM,15.0,,2014-05-13,2021.0,,,62.0,51.0,65.0,65.0,68.0,70.0,,,,,,,,58,45,68,71,36,64,56,36,68,66,59,64,66,72,68,59,69,72,72,59,65,69,59,69,44,71,70,66,62,9,11,12,14,14,60+2,60+2,60+2,62+2,62+2,62+2,62+2,62+2,64+2,64+2,64+2,64+2,67+2,67+2,67+2,64+2,66+2,68+2,68+2,68+2,66+2,66+2,67+2,67+2,67+2,66+2
16639,213893,https://sofifa.com/player/213893/louis-john/20/159586,L. John,Louis John,25,1994-04-19,190,85,England,Cambridge United,57,63,130000,2000,CB,Right,1,2,2,Medium/Medium,Normal,No,254000.0,,SUB,15.0,,2018-07-01,2020.0,,,65.0,24.0,32.0,32.0,56.0,65.0,,,,,,,,29,19,57,34,25,25,25,29,26,33,63,67,46,57,44,34,74,59,75,22,46,57,30,37,37,44,55,58,54,10,16,13,9,11,38+2,38+2,38+2,35+2,35+2,35+2,35+2,35+2,34+2,34+2,34+2,37+2,37+2,37+2,37+2,37+2,48+2,47+2,47+2,47+2,48+2,51+2,56+2,56+2,56+2,51+2
4298,224524,https://sofifa.com/player/224524/esteban-burgos/20/159586,E. Burgos,Esteban Rodrigo Burgos,27,1992-01-09,190,80,Argentina,SD Eibar,71,74,2600000,13000,CB,Right,1,3,2,Medium/High,Lean,No,5600000.0,,SUB,2.0,,2019-07-01,2022.0,,,48.0,34.0,46.0,52.0,71.0,80.0,,,,,,,,35,23,71,61,32,48,35,26,48,57,49,48,53,69,46,61,52,79,87,30,73,73,32,35,54,62,70,70,70,15,9,13,7,12,49+2,49+2,49+2,45+2,46+2,46+2,46+2,45+2,47+2,47+2,47+2,48+2,53+2,53+2,53+2,48+2,62+2,65+2,65+2,65+2,62+2,63+2,70+2,70+2,70+2,63+2
16889,226693,https://sofifa.com/player/226693/mohamed-zeroual/20/159586,M. Zeroual,Mohamed Zeroual,20,1999-02-27,166,69,Belgium,KV Mechelen,56,67,160000,2000,CAM,Right,1,4,2,Medium/Medium,Normal,No,264000.0,,RES,37.0,,2015-07-01,2020.0,,,61.0,36.0,52.0,62.0,22.0,33.0,,,,,,,,29,34,29,63,37,61,63,38,55,60,71,52,71,41,90,36,30,30,31,33,41,23,49,54,52,57,28,13,22,13,13,13,7,11,44+2,44+2,44+2,51+2,51+2,51+2,51+2,51+2,54+2,54+2,54+2,51+2,49+2,49+2,49+2,51+2,37+2,38+2,38+2,38+2,37+2,34+2,29+2,29+2,29+2,34+2
3301,237383,https://sofifa.com/player/237383/alessandro-bastoni/20/159586,A. Bastoni,Alessandro Bastoni,20,1999-04-13,190,80,Italy,Inter,72,84,5000000,24000,CB,Left,1,3,2,Low/Medium,Lean,No,9500000.0,,SUB,19.0,,2017-08-31,2023.0,,,51.0,33.0,43.0,42.0,76.0,66.0,,,,,,,,33,26,74,55,35,36,37,36,42,45,51,51,42,64,57,49,71,55,69,25,71,72,43,38,47,52,76,78,75,11,5,9,11,12,46+2,46+2,46+2,42+2,44+2,44+2,44+2,42+2,43+2,43+2,43+2,44+2,48+2,48+2,48+2,44+2,58+2,62+2,62+2,62+2,58+2,62+2,70+2,70+2,70+2,62+2
2214,225293,https://sofifa.com/player/225293/habib-diallo/20/159586,H. Diallo,Habib Diallo,24,1995-06-15,186,79,Senegal,FC Metz,74,80,8000000,16000,ST,Right,1,2,3,High/Medium,Normal,No,17600000.0,,ST,20.0,,2015-07-01,2022.0,,,72.0,72.0,52.0,68.0,22.0,70.0,,,,,,,,35,78,78,64,66,70,50,36,42,68,73,71,60,68,67,74,75,68,80,57,47,19,75,58,80,65,13,17,17,13,14,14,15,12,72+2,72+2,72+2,65+2,69+2,69+2,69+2,65+2,66+2,66+2,66+2,64+2,57+2,57+2,57+2,64+2,44+2,43+2,43+2,43+2,44+2,42+2,40+2,40+2,40+2,42+2
5911,209769,https://sofifa.com/player/209769/bilal-basacikoglu/20/159586,B. Başaçıkoğlu,Bilal Başaçıkoğlu,24,1995-03-26,179,70,Turkey,Kayserispor,69,74,1400000,6000,"LM, LW, RW",Right,1,4,3,Medium/High,Normal,No,2900000.0,#Acrobat,SUB,7.0,,2018-07-01,2021.0,,,83.0,68.0,62.0,75.0,45.0,57.0,,,,,,,"Injury Free, Selfish",61,66,60,64,67,75,77,66,42,75,84,83,90,55,72,73,91,66,43,74,74,42,64,69,50,57,41,44,48,8,9,11,9,13,67+2,67+2,67+2,70+2,69+2,69+2,69+2,70+2,69+2,69+2,69+2,68+2,61+2,61+2,61+2,68+2,58+2,53+2,53+2,53+2,58+2,57+2,52+2,52+2,52+2,57+2
8458,187550,https://sofifa.com/player/187550/eduardo-da-silva-neto/20/159586,Eduardo Neto,Eduardo da Silva Nascimento Neto,30,1988-10-24,185,76,Brazil,Nagoya Grampus,67,67,625000,3000,"CDM, CM",Left,1,2,3,Low/Medium,Normal,Yes,781000.0,,RCM,21.0,,2018-07-01,2022.0,,,66.0,53.0,60.0,61.0,65.0,76.0,,,,,,,"Selfish, Argues with Officials",62,38,47,67,58,60,63,44,63,64,65,66,60,65,53,71,81,66,83,71,70,68,57,45,43,65,65,70,64,7,8,7,8,9,58+2,58+2,58+2,59+2,58+2,58+2,58+2,59+2,59+2,59+2,59+2,60+2,61+2,61+2,61+2,60+2,65+2,66+2,66+2,66+2,65+2,65+2,67+2,67+2,67+2,65+2
15152,213412,https://sofifa.com/player/213412/james-alabi/20/159586,J. Alabi,James Alabi,24,1994-11-08,185,80,England,Leyton Orient,60,64,270000,3000,ST,Right,1,2,2,Medium/Medium,Stocky,No,493000.0,,SUB,27.0,,2018-06-26,2020.0,,,73.0,57.0,48.0,55.0,30.0,71.0,,,,,,,,46,57,57,52,46,54,49,42,43,56,76,71,58,56,60,61,59,65,82,54,56,23,56,50,59,55,32,27,24,6,14,8,13,8,59+2,59+2,59+2,56+2,56+2,56+2,56+2,56+2,55+2,55+2,55+2,56+2,50+2,50+2,50+2,56+2,45+2,43+2,43+2,43+2,45+2,44+2,43+2,43+2,43+2,44+2
14250,238503,https://sofifa.com/player/238503/leo-weinkauf/20/159586,L. Weinkauf,Leo Weinkauf,22,1996-07-07,196,90,Germany,MSV Duisburg,61,70,300000,1000,GK,Right,1,2,1,Medium/Medium,Normal,No,,,GK,1.0,Hannover 96,,2021.0,,,,,,,,,64.0,62.0,61.0,61.0,19.0,58.0,,11,9,10,23,10,8,9,10,16,14,20,18,24,51,30,46,49,26,58,6,22,14,6,26,18,33,15,10,9,64,62,61,58,61,,,,,,,,,,,,,,,,,,,,,,,,,,
15593,235975,https://sofifa.com/player/235975/abdulaziz-al-aryani/20/159586,A. Al Aryani,Abdulaziz Al Aryani,23,1996-03-13,173,77,Saudi Arabia,Al Ittihad,59,68,240000,5000,"RM, ST",Right,1,3,2,Medium/Low,Normal,No,456000.0,,RES,26.0,,2012-07-01,2022.0,,,74.0,57.0,46.0,62.0,33.0,59.0,,,,,,,,49,62,53,47,44,62,32,32,47,60,74,74,71,56,71,55,68,54,66,49,47,19,61,47,61,42,58,16,13,8,14,6,11,13,59+2,59+2,59+2,59+2,58+2,58+2,58+2,59+2,56+2,56+2,56+2,57+2,49+2,49+2,49+2,57+2,44+2,41+2,41+2,41+2,44+2,42+2,40+2,40+2,40+2,42+2
12419,220677,https://sofifa.com/player/220677/joe-morrell/20/159586,J. Morrell,Joe Morrell,22,1997-01-03,168,64,Wales,Lincoln City,63,72,550000,3000,CM,Right,1,3,3,Medium/Medium,Lean,No,,,LCM,19.0,Bristol City,,2020.0,,,69.0,53.0,61.0,66.0,48.0,46.0,,,,,,,,56,48,36,65,38,64,48,59,61,64,71,67,77,55,90,60,61,75,34,60,38,52,55,64,56,59,45,54,43,7,8,14,7,11,54+2,54+2,54+2,61+2,59+2,59+2,59+2,61+2,62+2,62+2,62+2,62+2,61+2,61+2,61+2,62+2,58+2,55+2,55+2,55+2,58+2,55+2,47+2,47+2,47+2,55+2
17503,226596,https://sofifa.com/player/226596/taulant-seferi/20/159586,T. Seferi,Taulant Sulejmanov,22,1996-11-15,184,78,Albania,Neuchâtel Xamax,54,65,120000,1000,ST,Right,1,3,2,High/Low,Lean,No,,,RS,17.0,BSC Young Boys,,2020.0,,,61.0,52.0,40.0,53.0,26.0,61.0,,,,,,,,35,53,54,44,44,52,40,32,32,51,57,65,57,52,60,46,81,57,58,55,70,22,54,47,56,46,26,22,21,12,8,10,12,15,52+2,52+2,52+2,50+2,51+2,51+2,51+2,50+2,50+2,50+2,50+2,49+2,44+2,44+2,44+2,49+2,39+2,38+2,38+2,38+2,39+2,38+2,39+2,39+2,39+2,38+2
16129,225904,https://sofifa.com/player/225904/juan-jimenez/20/159586,J. Jiménez,Juan Jiménez,23,1996-06-20,184,72,Colombia,Envigado FC,58,67,150000,1000,GK,Right,1,3,1,Medium/Medium,Normal,No,233000.0,,RES,12.0,,2014-07-03,2019.0,,,,,,,,,61.0,57.0,56.0,55.0,41.0,56.0,,15,13,22,28,18,18,16,18,24,24,42,40,34,57,47,42,58,42,50,12,20,18,17,22,21,35,18,18,13,61,57,56,56,55,,,,,,,,,,,,,,,,,,,,,,,,,,
6678,244952,https://sofifa.com/player/244952/vladimir-lorona/20/159586,V. Loroña,Vladimir Loroña,20,1998-11-16,180,75,Mexico,Club Tijuana,68,80,1500000,6000,"RB, RWB",Right,1,3,3,High/High,Normal,No,2800000.0,,SUB,22.0,,2019-07-05,2020.0,,,78.0,36.0,59.0,69.0,65.0,69.0,,,,,,,Long Passer (CPU AI Only),65,33,70,65,41,71,51,36,63,63,81,75,81,63,65,39,65,71,66,34,75,59,57,45,42,53,65,67,66,9,7,14,8,6,55+2,55+2,55+2,61+2,58+2,58+2,58+2,61+2,59+2,59+2,59+2,63+2,59+2,59+2,59+2,63+2,66+2,64+2,64+2,64+2,66+2,66+2,65+2,65+2,65+2,66+2
6464,204058,https://sofifa.com/player/204058/matteo-legittimo/20/159586,M. Legittimo,Matteo Legittimo,30,1989-06-17,184,76,Italy,Cosenza,69,69,850000,2000,"CB, LB",Left,1,3,2,Medium/High,Lean,No,1300000.0,,LB,18.0,,2018-08-17,2020.0,,,73.0,44.0,59.0,63.0,67.0,72.0,,,,,,,,59,35,70,66,36,62,60,59,62,65,70,75,61,67,63,60,65,76,72,45,70,65,57,46,50,65,68,66,66,15,11,10,9,9,58+2,58+2,58+2,59+2,58+2,58+2,58+2,59+2,58+2,58+2,58+2,61+2,61+2,61+2,61+2,61+2,66+2,65+2,65+2,65+2,66+2,67+2,67+2,67+2,67+2,67+2
2552,205194,https://sofifa.com/player/205194/ewerton-jose-almeida-santos/20/159586,Ewerton,Ewerton José Almeida Santos,30,1989-03-23,188,89,Brazil,Hamburger SV,74,74,4600000,12000,CB,Left,2,2,2,Medium/Medium,Normal,No,7300000.0,,SUB,3.0,,2019-07-01,2021.0,,,56.0,37.0,55.0,61.0,75.0,72.0,,,,,,,,48,30,73,66,49,59,37,40,52,64,54,58,63,68,61,53,83,61,79,32,66,78,30,55,47,73,73,76,73,7,9,7,13,14,52+2,52+2,52+2,52+2,52+2,52+2,52+2,52+2,54+2,54+2,54+2,54+2,58+2,58+2,58+2,54+2,65+2,68+2,68+2,68+2,65+2,67+2,73+2,73+2,73+2,67+2
13658,194790,https://sofifa.com/player/194790/harry-davis/20/159586,H. Davis,Harry Davis,27,1991-09-24,185,83,England,Grimsby Town,62,65,325000,2000,"CB, RB",Right,1,3,2,Medium/Medium,Normal,No,593000.0,,LCB,4.0,,2018-07-01,2020.0,,,54.0,34.0,41.0,42.0,62.0,69.0,,,,,,,Power Free-Kick,41,30,63,47,17,35,23,44,40,43,54,54,64,45,52,55,73,61,80,23,52,62,26,37,60,49,58,66,61,7,14,11,7,15,43+2,43+2,43+2,40+2,39+2,39+2,39+2,40+2,39+2,39+2,39+2,41+2,43+2,43+2,43+2,41+2,53+2,53+2,53+2,53+2,53+2,55+2,61+2,61+2,61+2,55+2
5500,204353,https://sofifa.com/player/204353/craig-forsyth/20/159586,C. Forsyth,Craig Forsyth,30,1989-02-24,189,83,Scotland,Derby County,70,70,1400000,14000,LB,Left,1,3,2,Medium/Medium,Lean,No,2700000.0,,SUB,3.0,,2013-07-01,2020.0,,,63.0,63.0,63.0,65.0,70.0,70.0,,,,,,,Dives Into Tackles (CPU AI Only),75,61,70,61,53,65,55,53,60,70,63,63,58,64,55,69,62,76,73,66,57,68,61,62,50,64,68,72,70,13,7,7,12,7,64+2,64+2,64+2,64+2,64+2,64+2,64+2,64+2,63+2,63+2,63+2,65+2,64+2,64+2,64+2,65+2,68+2,66+2,66+2,66+2,68+2,68+2,68+2,68+2,68+2,68+2
11238,238577,https://sofifa.com/player/238577/ji-hoon-kang/20/159586,Kang Ji Hoon,강지훈 Ji Hoon Kang,22,1997-01-06,177,66,Korea Republic,Gangwon FC,64,74,650000,1000,RB,Right,1,3,2,High/Medium,Lean,No,943000.0,,RES,23.0,,2018-03-05,2022.0,,,79.0,59.0,54.0,64.0,61.0,55.0,,,,,,,,60,62,58,62,41,63,28,37,41,62,78,79,74,59,71,55,49,68,50,64,54,57,64,54,31,59,63,63,57,9,5,11,6,10,61+2,61+2,61+2,64+2,62+2,62+2,62+2,64+2,61+2,61+2,61+2,62+2,58+2,58+2,58+2,62+2,62+2,58+2,58+2,58+2,62+2,62+2,58+2,58+2,58+2,62+2
11626,204520,https://sofifa.com/player/204520/toni-brito-silva-sa/20/159586,Toni Silva,Toni Brito Silva Sá,25,1993-09-15,182,74,Guinea Bissau,Astra Giurgiu,64,67,575000,3000,"RW, ST",Left,1,3,2,Medium/Medium,Lean,No,819000.0,,RES,25.0,,2019-07-30,2021.0,,,80.0,59.0,54.0,66.0,29.0,59.0,,,,,,,"Injury Free, Early Crosser",59,59,45,58,55,66,59,55,43,64,79,81,74,66,69,68,61,64,61,52,45,31,63,51,51,46,32,23,20,15,8,9,14,15,62+2,62+2,62+2,63+2,63+2,63+2,63+2,63+2,61+2,61+2,61+2,63+2,54+2,54+2,54+2,63+2,50+2,44+2,44+2,44+2,50+2,47+2,40+2,40+2,40+2,47+2
9957,242110,https://sofifa.com/player/242110/samuel-sosa/20/159586,S. Sosa,Samuel Sosa,19,1999-12-17,178,71,Venezuela,AD Alcorcón,65,79,1200000,2000,"LM, LW",Left,1,3,3,Medium/Medium,Lean,No,,,LM,17.0,Club Atlético Talleres,,2020.0,,,70.0,57.0,60.0,69.0,41.0,53.0,,,,,,,,61,58,46,63,50,72,48,56,57,68,77,65,67,58,67,62,35,57,58,52,40,33,64,59,52,68,44,41,40,11,13,15,9,13,60+2,60+2,60+2,64+2,63+2,63+2,63+2,64+2,63+2,63+2,63+2,64+2,59+2,59+2,59+2,64+2,53+2,50+2,50+2,50+2,53+2,51+2,45+2,45+2,45+2,51+2
7744,233053,https://sofifa.com/player/233053/amir-hadziahmetovic/20/159586,A. Hadžiahmetović,Amir Hadžiahmetović,22,1997-03-08,179,70,Bosnia Herzegovina,Atiker Konyaspor,67,79,1400000,5000,"LM, CAM, CDM",Right,1,3,2,Medium/High,Lean,No,3000000.0,,SUB,18.0,,2016-02-01,2020.0,,,69.0,56.0,65.0,68.0,56.0,69.0,,,,,,,Argues with Officials,59,46,54,71,43,70,54,61,68,70,70,69,58,63,69,72,54,73,68,66,69,63,65,64,55,58,41,65,62,7,15,7,14,14,62+2,62+2,62+2,64+2,65+2,65+2,65+2,64+2,66+2,66+2,66+2,66+2,67+2,67+2,67+2,66+2,64+2,64+2,64+2,64+2,64+2,63+2,60+2,60+2,60+2,63+2
13983,238516,https://sofifa.com/player/238516/leo-ostigard/20/159586,L. Østigård,Leo Østigård,19,1999-11-28,185,81,Norway,FC St. Pauli,61,81,500000,2000,CB,Right,1,3,2,Medium/High,Normal,No,,,RES,3.0,Brighton & Hove Albion,,2020.0,,,66.0,36.0,39.0,48.0,59.0,67.0,,,,,,,Long Passer (CPU AI Only),31,33,66,49,33,42,46,24,48,49,68,65,68,52,61,46,86,55,71,32,65,58,27,26,42,52,55,62,55,13,10,13,8,6,46+2,46+2,46+2,43+2,43+2,43+2,43+2,43+2,42+2,42+2,42+2,44+2,44+2,44+2,44+2,44+2,52+2,53+2,53+2,53+2,52+2,54+2,60+2,60+2,60+2,54+2
11445,211096,https://sofifa.com/player/211096/marcus-fraser/20/159586,M. Fraser,Marcus Fraser,25,1994-06-23,182,70,Scotland,Ross County FC,64,70,550000,2000,"CB, RB, LB",Right,1,2,2,Medium/Medium,Lean,No,1100000.0,,RB,2.0,,2015-01-22,2020.0,,,71.0,26.0,46.0,53.0,64.0,70.0,,,,,,,,49,23,44,55,23,50,26,33,47,49,70,72,74,49,67,27,68,70,77,25,53,69,44,33,35,62,60,68,72,10,10,9,9,6,43+2,43+2,43+2,48+2,44+2,44+2,44+2,48+2,46+2,46+2,46+2,50+2,49+2,49+2,49+2,50+2,61+2,58+2,58+2,58+2,61+2,62+2,62+2,62+2,62+2,62+2
16523,241101,https://sofifa.com/player/241101/pascal-petlach/20/159586,P. Petlach,Pascal Petlach,20,1999-01-18,184,80,Austria,FC Admira Wacker Mödling,57,68,160000,2000,CB,Right,1,3,2,Medium/Medium,Normal,No,264000.0,,SUB,23.0,,2017-07-01,2022.0,,,59.0,25.0,26.0,32.0,58.0,60.0,,,,,,,,26,18,53,30,19,27,24,29,28,31,61,58,40,47,57,38,71,40,74,23,46,56,28,16,40,44,61,59,54,8,9,13,14,14,36+2,36+2,36+2,32+2,32+2,32+2,32+2,32+2,29+2,29+2,29+2,32+2,31+2,31+2,31+2,32+2,45+2,44+2,44+2,44+2,45+2,48+2,55+2,55+2,55+2,48+2
9835,230264,https://sofifa.com/player/230264/dilson-robson-calegari-travassos/20/159586,Dilson Calegari,Dilson Robson Calegari Travassos,35,1984-02-29,179,75,Brazil,Goiás,66,66,280000,3000,"CAM, LM",Left,1,3,2,Medium/Medium,Normal,No,532000.0,,SUB,16.0,,2016-02-03,2022.0,,,66.0,65.0,65.0,62.0,37.0,54.0,,,,,,,,62,66,71,67,58,61,53,50,62,63,70,62,63,62,61,62,55,53,59,69,43,57,61,74,60,76,10,39,33,17,10,13,14,17,64+2,64+2,64+2,64+2,64+2,64+2,64+2,64+2,65+2,65+2,65+2,63+2,62+2,62+2,62+2,63+2,52+2,52+2,52+2,52+2,52+2,51+2,46+2,46+2,46+2,51+2
6788,235381,https://sofifa.com/player/235381/vincent-marcel/20/159586,V. Marcel,Vincent Marcel,22,1997-04-09,180,65,France,OGC Nice,68,76,1300000,11000,"RW, LW",Left,1,3,3,High/Low,Normal,No,2900000.0,,SUB,35.0,,2016-07-01,2021.0,,,71.0,62.0,67.0,71.0,49.0,56.0,,,,,,,Early Crosser,69,66,58,69,59,72,59,52,68,70,71,71,77,64,69,64,72,68,49,54,52,58,66,66,52,59,36,52,49,11,6,14,12,7,64+2,64+2,64+2,68+2,67+2,67+2,67+2,68+2,67+2,67+2,67+2,68+2,66+2,66+2,66+2,68+2,61+2,59+2,59+2,59+2,61+2,59+2,53+2,53+2,53+2,59+2
